{
  "unicast" : "127.0.0.1",
  "logging" :
  { 
    "level" : "debug",
    "console" : "true",
    "file" : { "enable" : "false", "path" : "/tmp/vsomeip.log" },
    "dlt" : "false"
  },
  "applications" : 
  [
    {
      "name" : "hello_world_service",
      "id" : "0x1277"
    },
    {
      "name" : "hello_world_clint",
      "id" : "0x1344"
    },
    {
      "name" : "hello_world_cliet",
      "id" : "0x1345"
    }
  ],
  "services" :
  [
    {
      "service" : "0x",
      "instance" : "0x",
      "unreliable" : "30509"
    }
  ],
  "routing" : "hello_world_service",
  "service-discovery" :
  {
    "enable" : "true",
    "multicast" : "224.244.224.245",
    "port" : "30490",
    "protocol" : "udp"
  }
}